,startx,endx,starty,endy
0,40,106,111,53
1,42,107,116,54
2,38,103,113,52
3,41,107,115,54
4,39,106,114,53
5,41,108,113,54
6,44,112,116,56
7,38,109,112,54
8,42,111,114,56
9,43,108,114,54
10,44,108,117,54
11,41,109,117,55
12,41,107,117,53
13,47,112,118,56
14,40,109,115,55
15,41,107,115,53
16,44,108,116,54
17,42,108,114,54
18,38,108,114,54
19,44,108,115,54
20,39,109,112,55
21,44,108,116,54
22,41,109,116,54
23,45,108,118,54
24,39,111,118,55
25,38,104,112,52
26,38,107,111,54
27,42,110,115,55
28,40,110,113,55
29,40,111,114,55
30,38,106,112,53
31,38,110,111,55
32,39,109,110,54
33,38,108,111,54
34,36,110,111,55
35,43,110,113,55
36,41,111,118,55
37,42,105,116,52
38,41,106,114,53
39,41,107,115,54
40,42,105,117,53
41,41,105,113,52
42,45,109,119,54
43,39,109,113,55
44,39,107,114,54
45,42,106,113,53
46,41,109,113,55
47,39,104,113,52
48,40,108,114,54
49,44,103,113,52
50,36,105,113,53
51,43,109,115,54
52,38,106,113,53
53,42,109,116,54
54,42,105,114,52
55,42,108,113,54
56,43,105,116,53
57,43,110,116,55
58,44,111,117,56
59,47,110,120,55
60,40,110,113,55
61,44,111,114,55
62,51,110,120,55
63,41,111,117,55
64,42,111,116,55
65,51,107,123,53
66,47,114,120,57
67,49,116,118,58
68,49,108,118,54
69,46,111,117,56
70,44,107,117,54
71,44,109,118,55
72,45,111,114,55
73,46,109,120,54
74,49,107,122,53
75,46,112,118,56
76,45,107,117,54
77,47,106,121,53
78,45,107,119,53
79,45,107,116,53
80,45,109,115,55
81,46,106,119,53
82,43,109,117,55
83,45,106,119,53
84,43,109,116,55
85,43,107,115,54
86,46,105,117,52
87,45,109,115,55
88,45,106,118,53
89,43,110,117,55
90,48,109,119,54
91,42,108,118,54
92,43,107,118,53
93,41,110,115,55
94,40,109,112,54
95,45,105,116,53
96,39,111,110,55
97,46,111,113,56
98,49,106,118,53
99,42,104,113,52
100,43,103,116,52
101,45,105,117,53
102,46,107,117,54
103,46,106,118,53
104,46,109,116,55
105,46,107,113,54
106,44,109,117,55
107,45,111,115,55
108,46,107,117,54
109,49,108,120,54
110,45,108,117,54
111,46,106,118,53
112,42,106,116,53
113,41,111,114,56
114,45,109,117,55
115,45,110,119,55
116,47,110,119,55
117,46,115,122,57
118,40,114,117,57
119,43,113,119,56
120,46,116,122,58
121,46,114,122,57
122,47,113,122,56
123,50,114,121,57
124,47,118,123,59
125,47,116,124,58
126,50,114,121,57
127,48,115,124,57
128,48,117,124,58
129,46,118,122,59
130,49,113,124,56
131,46,113,126,56
132,52,117,126,58
133,44,114,125,57
134,50,112,125,56
135,41,119,122,59
136,47,112,124,56
137,40,116,126,58
138,47,112,125,56
139,45,112,126,56
140,45,110,126,55
141,47,117,125,58
142,43,122,122,61
143,46,113,123,56
144,49,114,125,57
145,48,115,126,57
146,49,112,124,56
147,51,115,129,57
148,55,116,126,58
149,54,117,128,59
150,50,115,127,58
151,60,116,138,58
152,59,117,133,58
153,61,116,135,58
154,61,117,134,58
155,54,118,127,59
156,47,114,120,57
157,49,116,125,58
158,58,117,134,58
159,59,120,132,60
160,46,120,121,60
161,54,117,127,59
162,56,117,134,58
163,57,121,134,60
164,54,120,132,60
165,62,114,136,57
166,54,116,128,58
167,46,112,119,56
168,47,117,125,58
169,52,119,127,59
170,49,119,123,59
171,56,124,131,62
172,52,124,127,62
173,45,124,119,62
174,56,125,125,62
175,43,122,121,61
176,54,121,127,61
177,48,119,124,59
178,45,120,123,60
179,45,118,119,59
180,53,124,131,62
181,52,120,130,60
182,58,124,132,62
183,55,122,129,61
184,48,121,124,60
185,51,120,126,60
186,46,122,120,61
187,43,124,117,62
188,50,120,121,60
189,54,123,126,61
190,44,119,117,59
191,46,120,118,60
192,43,117,119,59
193,51,120,122,60
194,44,125,122,62
195,52,124,125,62
196,49,119,123,59
197,44,121,124,60
198,45,116,121,58
199,43,115,118,58
200,43,118,121,59
201,44,117,117,59
202,48,118,119,59
203,46,118,121,59
204,50,120,123,60
205,49,118,122,59
206,45,121,119,61
207,44,121,120,60
208,42,118,118,59
209,51,108,124,54
210,47,113,125,57
211,51,112,125,56
212,39,112,121,56
213,41,115,118,57
214,42,111,118,55
215,38,116,120,58
216,46,111,118,56
217,50,112,126,56
218,47,117,121,58
219,43,116,123,58
220,40,117,117,59
221,42,114,115,57
222,38,116,115,58
223,40,112,121,56
224,45,122,118,61
225,46,121,116,60
226,52,119,122,59
227,47,113,111,57
228,51,112,122,56
229,49,115,118,58
230,49,116,116,58
231,47,114,112,57
232,39,124,109,62
233,47,119,119,60
234,46,112,115,56
235,43,119,114,59
236,50,114,117,57
237,47,112,120,56
238,46,114,119,57
239,42,107,118,54
240,51,115,121,57
241,45,111,120,55
242,51,111,123,55
243,46,108,118,54
244,45,108,118,54
245,43,105,119,53
246,40,109,114,54
247,30,106,111,53
248,40,108,116,54
249,43,106,117,53
250,36,107,112,53
251,41,106,115,53
252,41,106,114,53
253,35,107,111,54
254,36,112,113,56
255,37,109,113,54
256,40,110,114,55
257,42,111,112,56
258,39,106,116,53
259,39,110,116,55
260,40,113,116,56
261,38,114,113,57
262,34,109,112,54
263,39,111,114,55
264,46,113,118,57
265,41,106,116,53
266,41,108,116,54
267,43,108,119,54
268,41,110,117,55
269,41,105,120,52
270,38,108,113,54
271,38,119,110,59
272,43,119,115,59
273,42,118,115,59
274,41,120,116,60
275,42,114,112,57
276,38,120,111,60
277,42,119,116,59
278,46,122,117,61
279,47,119,119,59
280,57,127,104,60
281,56,113,107,51
282,48,126,102,57
283,55,128,121,57
284,45,123,123,55
285,44,127,102,46
286,53,113,118,42
287,60,128,101,49
288,43,100,111,41
289,59,106,100,50
290,58,111,106,48
291,54,103,104,60
292,59,112,111,42
293,51,126,111,42
294,52,130,112,48
295,57,106,110,60
296,56,110,129,56
297,52,102,107,52
298,53,119,116,46
299,58,122,104,40
300,60,108,122,51
301,56,103,110,58
302,43,119,114,43
303,46,126,119,49
304,55,130,129,42
305,53,125,121,46
306,59,124,128,43
307,56,122,126,47
308,53,112,107,55
309,41,104,122,59
310,60,122,114,43
311,44,118,112,41
312,49,106,100,42
313,54,116,101,50
314,47,105,109,46
315,58,127,101,51
316,49,111,103,58
317,44,127,127,53
318,54,115,112,53
319,53,110,125,54
320,46,102,104,44
321,46,127,101,47
322,49,120,107,57
323,52,106,118,57
324,55,112,100,49
325,59,125,112,49
326,42,101,127,46
327,40,118,101,52
328,44,111,119,49
329,58,113,116,60
330,59,104,129,46
331,56,106,116,41
332,55,100,117,51
333,42,118,117,43
334,55,110,119,58
335,41,108,127,53
336,57,122,117,49
337,45,119,126,45
338,43,126,123,43
339,40,104,103,57
340,43,104,117,55
341,55,113,112,45
342,47,115,130,50
343,59,118,111,54
344,45,100,120,50
345,40,123,119,56
346,42,117,122,56
347,55,111,108,58
348,58,116,109,48
349,59,103,126,49
350,57,106,112,47
351,51,125,103,51
352,48,127,130,53
353,49,112,114,51
354,46,127,122,49
355,55,125,117,60
356,55,103,105,60
357,55,122,124,47
358,44,127,119,58
359,60,118,106,60
360,41,114,130,59
361,60,116,115,51
362,55,116,112,53
363,60,115,122,45
364,49,130,120,40
365,46,128,118,51
366,48,110,119,43
367,45,116,127,50
368,47,128,116,41
369,53,109,122,44
370,45,111,107,45
371,52,123,109,47
372,46,112,102,40
373,55,100,119,53
374,52,114,125,48
375,58,102,121,40
376,56,108,130,54
377,41,124,105,58
378,47,120,117,55
379,40,109,121,50
380,50,130,127,40
381,41,110,122,44
382,60,114,103,43
383,46,123,111,54
384,44,120,103,53
385,49,114,100,49
386,47,111,108,42
387,45,108,122,50
388,50,101,116,41
389,42,115,120,40
390,43,129,121,49
391,54,107,103,56
392,43,122,118,46
393,47,112,105,58
394,53,104,103,49
395,46,123,114,50
396,51,107,114,45
397,44,128,120,44
398,57,113,102,48
399,56,105,107,54
400,59,119,100,54
401,44,123,123,59
402,47,119,129,50
403,42,125,114,41
404,45,106,124,50
405,53,104,118,58
406,59,117,101,46
407,58,113,119,54
408,58,115,103,52
409,40,111,111,47
410,40,111,129,60
411,54,125,112,57
412,53,123,121,43
413,55,129,119,43
414,51,126,111,44
415,49,125,106,60
416,58,124,122,56
417,41,116,121,58
418,57,112,128,53
419,46,130,116,59
420,59,119,102,53
421,45,120,116,57
422,48,129,125,51
423,44,113,102,54
424,58,123,123,50
425,45,101,126,42
426,42,115,104,56
427,44,125,112,58
428,57,108,118,60
429,53,102,129,40
430,49,118,121,46
431,54,112,116,54
432,47,121,121,41
433,45,127,121,40
434,55,119,100,43
435,47,110,126,40
436,56,110,122,48
437,46,117,130,53
438,42,105,128,57
439,45,101,110,43
440,48,125,118,50
441,56,106,114,60
442,59,114,118,54
443,50,102,129,44
444,42,119,122,41
445,42,117,130,53
446,57,128,104,45
447,55,128,117,45
448,50,129,116,43
449,43,119,106,52
450,59,105,111,42
451,50,100,108,55
452,49,126,126,48
453,45,129,110,49
454,54,120,112,41
455,57,104,109,47
456,60,109,109,41
457,44,120,129,43
458,44,111,110,49
459,45,121,115,50
460,48,106,127,41
461,49,112,129,50
462,41,107,117,46
463,47,109,105,59
464,50,128,101,41
465,57,124,118,43
466,42,127,129,45
467,57,123,105,42
468,58,123,104,47
469,42,121,114,56
470,59,103,112,54
471,46,116,105,47
472,45,108,127,53
473,52,127,105,55
474,54,127,124,57
475,57,111,100,56
476,49,124,124,50
477,49,108,110,41
478,50,114,109,55
479,59,110,122,57
480,59,101,119,59
481,49,101,108,44
482,57,107,102,60
483,53,129,108,57
484,48,121,107,43
485,56,103,119,53
486,59,115,101,59
487,43,125,129,59
488,58,116,102,56
489,51,129,127,57
490,55,118,124,46
491,48,128,114,55
492,40,105,101,53
493,54,126,116,58
494,58,113,125,42
495,53,118,106,60
496,56,124,102,40
497,45,122,122,57
498,45,101,117,41
499,47,128,101,57
500,56,106,110,51
501,57,106,120,58
502,47,120,116,48
503,44,127,107,52
504,56,114,130,43
505,43,118,119,51
506,58,115,128,45
507,40,107,102,42
508,46,125,126,57
509,43,126,100,53
510,59,118,116,53
511,51,108,126,40
512,50,121,106,42
513,59,122,106,60
514,40,126,116,44
515,55,129,118,48
516,40,106,107,50
517,59,109,127,57
518,44,104,100,51
519,52,107,119,47
520,54,119,112,53
521,55,105,111,50
522,46,127,113,57
523,56,101,102,51
524,54,126,125,50
525,51,127,121,57
526,52,123,122,40
527,54,118,116,60
528,41,105,117,41
529,47,105,117,45
530,55,118,102,47
531,58,129,125,50
532,44,116,124,56
533,44,109,108,59
534,51,124,120,42
535,52,124,112,43
536,59,109,117,57
537,42,124,103,53
538,58,111,110,52
539,57,125,101,46
540,51,102,127,46
541,54,130,101,57
542,41,114,118,60
543,50,104,128,56
544,48,105,125,40
545,54,103,120,58
546,60,104,121,43
547,55,106,123,60
548,52,129,109,56
549,42,124,130,54
550,52,125,107,45
551,46,114,110,55
552,52,125,114,42
553,49,102,107,44
554,49,123,118,41
555,57,128,129,44
556,50,128,123,47
557,46,113,123,54
558,43,114,122,46
559,45,121,122,47
560,48,100,111,46
561,48,125,102,52
562,40,121,115,42
563,57,130,123,42
564,55,127,122,58
565,40,126,106,56
566,59,127,122,49
567,60,126,129,52
568,53,126,104,57
569,51,108,116,48
570,47,108,120,53
571,42,130,130,46
572,49,111,103,57
573,53,129,110,40
574,51,122,127,54
575,40,126,112,46
576,52,118,120,50
577,52,128,108,58
578,48,115,126,46
579,55,112,117,51
580,53,110,112,53
581,49,127,120,48
582,51,116,124,54
583,60,109,114,46
584,46,112,130,46
585,40,120,130,58
586,47,121,114,57
587,46,125,120,58
588,42,128,116,46
589,43,110,114,44
590,59,130,120,52
591,59,106,121,46
592,53,128,127,59
593,49,121,106,47
594,56,124,109,59
595,46,126,102,56
596,49,115,127,40
597,58,108,109,51
598,49,128,102,48
599,57,121,112,52
600,58,107,106,55
601,40,107,112,41
602,53,109,108,58
603,40,121,118,50
604,45,124,116,41
605,59,129,101,41
606,41,126,122,60
607,50,100,125,50
608,50,104,122,46
609,55,104,108,53
610,52,129,112,45
611,40,103,121,44
612,46,119,122,43
613,47,112,120,58
614,40,130,105,59
615,54,115,103,44
616,50,103,102,42
617,60,108,104,42
618,43,118,119,44
619,46,123,123,41
620,51,118,123,40
621,43,121,102,59
622,57,105,123,57
623,44,112,106,54
624,40,119,119,41
625,46,124,129,60
626,53,104,108,42
627,41,109,109,48
628,40,124,121,48
629,56,100,105,51
630,60,100,126,57
631,45,126,114,49
632,47,110,121,46
633,43,114,124,55
634,57,112,123,53
635,57,101,124,42
636,48,102,114,59
637,52,118,105,46
638,47,103,123,49
639,48,119,108,42
640,43,120,119,54
641,48,103,104,41
642,57,107,105,43
643,49,109,130,56
644,51,120,113,47
645,58,108,101,57
646,46,103,123,50
647,60,107,100,57
648,42,104,101,41
649,50,124,109,57
650,41,127,114,40
651,56,113,114,57
652,49,100,128,42
653,40,112,101,46
654,41,101,114,59
655,56,121,114,40
656,49,119,115,46
657,43,105,116,41
658,41,120,121,41
659,55,125,109,45
660,51,108,118,41
661,40,108,107,52
662,56,123,108,49
663,55,100,126,52
664,52,109,117,50
665,60,101,127,57
666,54,103,125,54
667,58,111,104,40
668,54,127,107,60
669,55,104,108,51
670,48,117,105,59
671,43,100,110,44
672,55,121,126,58
673,50,116,107,58
674,49,103,101,58
675,47,110,118,52
676,42,101,113,42
677,57,102,119,49
678,46,115,127,50
679,58,101,123,55
680,53,104,103,50
681,51,119,111,43
682,42,119,127,43
683,42,126,103,51
684,58,102,100,58
685,40,107,127,44
686,54,126,114,55
687,50,115,112,59
688,58,118,100,58
689,43,120,118,49
690,53,111,129,53
691,47,110,125,60
692,60,120,119,47
693,53,121,109,54
694,42,104,100,60
695,56,119,127,59
696,51,124,128,51
697,49,106,101,46
698,40,128,125,46
699,47,125,124,51
700,54,117,113,48
701,50,121,126,52
702,45,115,117,53
703,46,107,127,42
704,54,106,115,43
705,47,110,100,42
706,50,104,128,52
707,41,129,103,41
708,41,127,104,58
709,60,105,111,40
710,48,123,104,41
711,60,116,111,44
712,40,116,115,56
713,51,123,123,54
714,48,106,127,40
715,60,100,125,55
716,49,121,119,59
717,44,127,127,59
718,60,107,125,46
719,58,104,117,58
720,54,101,124,60
721,44,106,114,46
722,47,124,112,60
723,54,106,107,46
724,50,119,126,48
725,55,100,111,58
726,53,108,123,46
727,49,130,118,56
728,55,115,125,54
729,50,118,109,44
730,51,119,115,53
731,59,129,107,58
732,53,109,128,55
733,47,112,129,44
734,40,110,116,50
735,56,108,129,50
736,43,106,107,46
737,54,109,101,59
738,46,108,121,49
739,52,100,106,51
740,44,110,121,56
741,42,100,119,56
742,53,105,126,60
743,42,127,100,42
744,41,104,122,59
745,58,128,123,41
746,54,103,124,47
747,46,130,115,40
748,55,119,125,51
749,60,113,115,60
750,40,127,111,48
751,58,129,122,48
752,58,124,101,50
753,57,112,114,48
754,51,124,100,53
755,44,120,129,42
756,40,124,105,57
757,57,127,127,40
758,51,107,108,58
759,47,108,120,51
760,44,103,127,41
761,43,130,121,48
762,42,109,126,41
763,47,128,104,45
764,43,108,102,43
765,60,129,115,46
766,41,107,103,44
767,54,116,116,54
768,60,103,118,60
769,57,106,103,55
770,56,117,125,50
771,40,100,118,49
772,54,117,111,50
773,59,124,126,49
774,47,118,113,59
775,44,111,105,50
776,49,121,126,58
777,52,124,130,57
778,40,115,121,42
779,41,118,111,51
780,53,107,113,49
781,58,130,108,44
782,42,116,101,44
783,42,126,106,53
784,48,127,118,47
785,43,127,104,49
786,44,121,119,40
787,48,125,119,49
788,40,100,118,43
789,60,123,118,42
790,51,114,102,54
791,55,126,104,42
792,60,110,118,48
793,42,102,103,44
794,41,105,110,43
795,55,122,117,49
796,53,123,125,52
797,53,102,121,44
798,55,103,108,51
799,44,121,120,49
800,60,127,110,54
801,41,122,102,50
802,48,115,120,55
803,51,113,127,54
804,59,121,117,54
805,45,115,103,60
806,45,110,129,45
807,49,108,115,58
808,43,114,113,42
809,43,128,119,53
810,41,101,106,52
811,45,112,116,49
812,40,120,106,52
813,60,100,129,50
814,58,126,118,51
815,50,115,130,54
816,53,120,120,46
817,55,118,128,45
818,46,114,102,49
819,58,105,123,50
820,51,103,120,58
821,49,117,109,59
822,53,105,120,42
823,45,107,118,43
824,54,111,101,40
825,60,105,108,52
826,53,101,116,59
827,57,112,121,40
828,45,113,107,52
829,54,101,120,59
830,49,122,107,48
831,42,113,115,45
832,48,120,124,55
833,40,126,103,51
834,56,126,103,59
835,56,116,130,48
836,50,108,122,42
837,54,118,123,56
838,53,119,119,45
839,57,119,121,59
840,47,126,104,43
841,41,102,117,43
842,46,112,110,48
843,58,120,119,48
844,45,128,101,59
845,59,118,113,49
846,47,103,125,43
847,59,119,119,56
848,40,113,123,47
849,56,100,130,50
850,44,117,125,55
851,54,130,105,53
852,44,110,117,55
853,56,114,112,50
854,42,104,111,56
855,59,114,130,52
856,54,126,128,57
857,43,102,110,44
858,46,118,103,46
859,48,118,126,48
860,41,110,130,53
861,59,120,121,42
862,59,116,116,42
863,50,121,114,60
864,55,100,120,52
865,57,106,103,44
866,54,108,128,55
867,52,111,117,40
868,40,111,102,57
869,58,122,110,52
870,40,105,100,51
871,50,111,120,46
872,42,125,104,48
873,57,115,130,45
874,47,125,112,45
875,56,127,124,58
876,40,129,101,48
877,45,107,125,55
878,57,112,130,46
879,50,125,111,51
880,55,128,110,50
881,51,124,107,52
882,58,127,101,45
883,40,127,115,46
884,52,115,108,57
885,56,108,109,42
886,57,106,121,46
887,44,121,127,56
888,55,126,119,58
889,46,109,111,59
890,58,129,111,50
891,43,112,109,41
892,57,101,109,60
893,43,122,110,59
894,52,103,108,44
895,44,111,114,42
896,55,128,111,42
897,46,125,111,57
898,42,103,120,51
899,47,115,125,60
900,43,121,113,57
901,58,113,104,43
902,40,126,121,55
903,58,101,105,43
904,45,114,108,56
905,40,127,105,41
906,42,105,122,54
907,53,129,125,40
908,53,128,129,43
909,49,126,115,41
910,59,119,119,54
911,54,126,124,50
912,57,119,121,53
913,58,118,109,51
914,47,130,108,48
915,41,105,124,44
916,60,120,102,50
917,40,112,111,45
918,46,130,109,58
919,56,114,110,44
920,42,104,110,41
921,46,127,102,50
922,47,103,112,40
923,59,113,113,58
924,41,122,123,48
925,50,110,109,48
926,58,114,120,49
927,53,121,111,47
928,48,102,105,43
929,50,117,101,53
930,42,119,127,52
931,56,112,116,42
932,53,102,121,46
933,51,120,101,55
934,40,127,102,51
935,53,126,130,53
936,43,102,113,57
937,49,104,121,59
938,55,101,126,56
939,49,112,102,43
940,56,108,118,44
941,42,126,104,41
942,51,116,102,55
943,44,115,105,59
944,42,116,126,41
945,51,101,100,53
946,53,122,124,40
947,42,121,101,44
948,58,126,123,46
949,50,108,125,49
950,60,100,101,59
951,60,113,111,56
952,54,125,129,43
953,57,102,116,52
954,51,111,122,57
955,55,118,104,45
956,41,128,118,51
957,51,127,112,40
958,58,130,125,47
959,57,106,109,49
960,54,130,130,48
961,53,102,106,48
962,58,116,129,56
963,55,101,123,43
964,57,111,121,51
965,60,112,101,56
966,48,115,106,55
967,55,104,102,42
968,41,107,122,44
969,51,118,126,46
970,56,118,102,44
971,40,130,101,45
972,56,118,112,47
973,48,117,106,46
974,43,127,107,55
975,56,113,108,52
976,58,109,122,44
977,60,100,113,54
978,46,111,101,47
979,43,108,123,43
980,47,125,114,52
981,53,110,111,47
982,44,114,104,52
983,55,108,124,44
984,60,126,110,57
985,51,107,113,50
986,42,107,106,46
987,43,105,127,60
988,45,120,128,55
989,46,115,104,58
990,60,105,112,49
991,49,109,102,51
992,60,109,122,50
993,40,128,107,53
994,41,106,123,46
995,58,124,101,59
996,52,124,110,53
997,46,120,108,41
998,43,103,103,51
999,49,121,114,48
1000,47,124,121,57
1001,50,105,105,40
1002,48,102,120,58
1003,45,103,112,59
1004,48,116,110,55
1005,40,117,130,47
1006,55,129,119,41
1007,53,115,124,56
1008,53,103,109,59
1009,40,101,122,48
1010,57,128,113,55
1011,46,117,109,58
1012,60,128,117,46
1013,55,120,125,49
1014,47,108,100,43
1015,46,121,127,52
1016,58,105,113,55
1017,52,118,115,59
1018,55,116,129,48
1019,48,107,105,45
1020,51,101,111,57
1021,52,121,108,47
1022,48,126,127,44
1023,51,127,113,40
1024,51,115,121,50
1025,49,115,105,56
1026,51,102,108,44
1027,59,128,108,55
1028,60,127,110,60
1029,49,114,124,42
1030,42,129,124,59
1031,59,103,122,43
1032,59,119,116,50
1033,53,128,105,47
1034,53,103,127,59
1035,48,121,110,41
1036,49,108,101,42
1037,48,111,115,46
1038,42,112,105,43
1039,59,126,103,49
1040,48,100,104,47
1041,54,127,129,51
1042,44,108,113,48
1043,56,100,126,53
1044,60,117,109,41
1045,55,113,118,58
1046,45,130,129,54
1047,52,114,108,51
1048,44,121,117,60
1049,58,119,130,54
1050,53,121,110,48
1051,53,117,109,50
1052,51,127,119,52
1053,49,125,124,41
1054,54,112,100,56
1055,44,108,125,43
1056,59,103,114,43
1057,59,105,126,40
1058,42,124,114,53
1059,54,122,122,45
1060,46,101,107,50
1061,55,124,101,52
1062,58,112,110,56
1063,48,109,122,45
1064,57,100,105,55
1065,50,127,121,59
1066,42,102,113,50
1067,51,105,102,48
1068,56,101,109,58
1069,60,123,102,44
1070,57,117,129,56
1071,45,104,124,56
1072,58,102,113,49
1073,46,109,126,59
1074,43,104,111,56
1075,48,122,100,54
1076,42,105,110,49
1077,51,107,104,52
1078,50,114,102,59
1079,42,103,107,55
1080,56,107,111,50
1081,41,114,122,57
1082,47,116,107,52
1083,52,127,126,41
1084,40,129,102,41
1085,52,101,107,56
1086,60,129,119,44
1087,51,115,128,42
1088,52,102,103,45
1089,50,110,123,55
1090,51,113,100,54
1091,43,129,126,43
1092,41,117,102,48
1093,40,107,115,50
1094,51,116,120,48
1095,49,107,111,49
1096,47,130,123,54
1097,49,105,118,53
1098,56,115,125,48
1099,60,127,100,48
1100,42,110,112,58
1101,40,101,112,41
1102,46,106,107,43
1103,44,126,117,49
1104,50,129,119,60
1105,45,111,124,43
1106,51,124,101,51
1107,41,114,106,48
1108,57,114,115,48
1109,54,118,129,53
1110,59,114,114,53
1111,51,120,113,55
1112,45,103,114,43
1113,41,119,103,47
1114,57,116,115,44
1115,48,112,109,41
1116,43,117,104,45
1117,53,118,124,41
1118,54,102,130,58
1119,51,106,122,59
1120,56,109,101,53
1121,44,114,107,52
1122,45,112,113,46
1123,56,120,129,58
1124,50,102,130,42
1125,43,121,100,56
1126,60,126,125,40
1127,40,107,126,51
1128,40,105,112,56
1129,59,101,112,40
1130,57,116,117,46
1131,51,115,105,40
1132,57,101,110,50
1133,53,115,119,57
1134,56,106,111,49
1135,56,106,111,52
1136,43,118,115,49
1137,60,105,104,45
1138,60,126,100,42
1139,46,120,126,49
1140,50,118,120,53
1141,44,114,101,57
1142,47,118,130,46
1143,42,104,123,47
1144,57,130,111,58
1145,41,121,127,42
1146,44,106,119,43
1147,40,113,113,54
1148,41,108,125,46
1149,57,100,128,51
1150,58,108,120,40
1151,46,107,117,55
1152,49,114,127,46
1153,59,105,128,45
1154,49,110,121,42
1155,47,107,130,57
1156,41,114,105,51
1157,60,128,116,47
1158,56,105,106,51
1159,50,124,104,59
1160,42,119,100,48
1161,55,103,121,53
1162,46,109,130,44
1163,56,100,117,52
1164,40,112,119,44
1165,50,126,110,41
1166,50,103,123,50
1167,54,118,114,59
1168,42,101,116,44
1169,58,105,109,46
1170,50,101,104,46
1171,47,127,118,46
1172,47,106,114,55
1173,52,104,108,42
1174,60,107,108,53
1175,52,113,117,43
1176,50,121,105,51
1177,56,122,113,60
1178,44,120,117,50
1179,42,101,129,56
1180,58,112,113,43
1181,50,101,125,51
1182,54,115,127,47
1183,40,120,123,46
1184,44,121,112,40
1185,40,105,115,45
1186,53,123,110,53
1187,59,121,103,54
1188,55,118,128,58
1189,52,109,128,55
1190,47,129,121,51
1191,45,109,116,60
1192,56,119,102,46
1193,57,107,123,59
1194,60,105,107,46
1195,57,120,106,43
1196,53,113,124,44
1197,48,125,128,40
1198,49,110,108,48
1199,59,116,107,45
1200,51,123,130,44
1201,45,130,104,55
1202,47,120,129,54
1203,47,102,120,45
1204,59,122,102,42
1205,44,113,121,56
1206,56,110,122,52
1207,45,101,120,50
1208,40,126,125,45
1209,54,102,103,41
1210,43,107,105,59
1211,54,127,103,56
1212,46,115,130,48
1213,56,129,114,57
1214,43,128,107,40
1215,52,128,105,55
1216,60,105,124,41
1217,41,128,115,53
1218,46,116,128,57
1219,52,104,111,44
1220,49,100,111,43
1221,43,127,115,56
1222,60,118,119,51
1223,59,100,129,50
1224,58,122,114,42
1225,58,108,110,40
1226,60,109,117,46
1227,46,113,129,42
1228,55,122,129,44
1229,44,117,116,56
1230,40,122,115,57
1231,55,102,125,51
1232,54,117,115,45
1233,42,103,123,40
1234,47,121,119,58
1235,41,128,123,56
1236,53,130,121,41
1237,48,125,112,42
1238,44,107,112,50
1239,55,105,105,40
1240,44,109,107,54
1241,45,121,111,59
1242,44,115,112,42
1243,49,122,130,57
1244,59,101,118,41
1245,43,101,109,47
1246,59,130,127,40
1247,55,123,102,52
1248,60,125,125,52
1249,60,105,115,60
1250,58,121,100,42
1251,60,106,103,53
1252,45,120,113,59
1253,59,117,118,54
1254,47,109,128,55
1255,49,113,126,56
1256,46,130,116,47
1257,42,117,101,43
1258,47,112,111,54
1259,43,117,102,53
1260,43,121,123,47
1261,58,100,117,41
1262,58,100,127,47
1263,42,115,102,50
1264,58,122,115,46
1265,41,108,121,45
1266,59,105,122,49
1267,46,108,104,51
1268,58,130,124,53
1269,60,122,111,41
1270,45,115,121,41
1271,60,102,127,52
1272,51,114,122,47
1273,43,100,113,51
1274,57,100,109,53
1275,58,109,124,50
1276,57,100,110,40
1277,54,101,121,44
1278,51,112,111,52
1279,48,103,100,55
1280,48,108,106,55
1281,53,112,117,42
1282,53,117,109,45
1283,55,123,104,53
1284,55,110,106,40
1285,59,107,127,56
1286,54,104,118,40
1287,40,123,103,56
1288,55,112,125,53
1289,57,113,118,52
1290,57,109,122,60
1291,48,123,130,52
1292,40,101,109,60
1293,53,109,101,55
1294,50,112,117,49
1295,45,113,104,41
1296,54,101,102,45
1297,60,102,121,54
1298,42,103,109,55
1299,54,112,120,58
1300,50,128,114,42
1301,60,106,101,50
1302,58,116,108,50
1303,59,116,103,50
1304,59,127,108,46
1305,49,112,130,56
1306,41,106,109,53
1307,47,103,126,52
1308,51,112,107,57
1309,41,127,103,55
1310,41,128,116,49
1311,48,104,103,47
1312,60,123,115,57
1313,44,129,121,57
1314,48,107,104,46
1315,56,110,127,41
1316,57,130,112,41
1317,52,118,124,45
1318,46,115,125,49
1319,46,111,107,42
1320,43,121,113,57
1321,53,106,117,49
1322,57,128,126,55
1323,59,114,122,52
1324,54,128,105,40
1325,42,107,128,48
1326,56,130,120,58
1327,54,118,100,42
1328,53,129,123,48
1329,54,117,100,48
1330,59,126,109,46
1331,59,107,118,41
1332,48,111,117,54
1333,41,103,125,42
1334,59,116,114,57
1335,55,120,121,60
1336,42,114,116,60
1337,51,113,122,53
1338,41,116,114,58
1339,45,111,123,52
1340,49,118,127,42
1341,45,115,128,41
1342,59,111,106,46
1343,51,114,107,52
1344,55,118,130,48
1345,43,104,108,55
1346,41,127,124,45
1347,48,116,104,44
1348,46,104,111,42
1349,43,103,126,57
1350,54,130,128,49
1351,56,123,119,60
1352,51,117,101,57
1353,59,101,120,40
1354,48,123,112,50
1355,59,125,130,42
1356,47,104,127,41
1357,46,116,118,42
1358,52,130,128,59
1359,49,123,117,51
1360,45,127,106,54
1361,50,122,116,56
1362,56,127,112,59
1363,59,106,118,60
1364,48,100,114,57
1365,48,121,102,60
1366,51,104,101,52
1367,48,115,101,58
1368,40,111,104,44
1369,48,109,112,44
1370,59,112,108,55
1371,45,125,114,50
1372,57,102,114,47
1373,52,114,110,47
1374,55,129,126,55
1375,40,109,110,48
1376,60,129,129,50
1377,59,105,118,49
1378,57,125,129,43
1379,41,127,115,49
1380,56,115,127,50
1381,46,122,105,49
1382,57,117,114,55
1383,45,126,126,48
1384,43,109,123,59
1385,43,101,114,49
1386,58,117,125,42
1387,57,111,108,46
1388,47,129,113,52
1389,40,105,108,43
1390,44,126,121,48
1391,47,115,126,45
1392,54,117,128,53
1393,43,110,125,48
1394,43,124,107,52
1395,47,107,122,58
1396,57,116,104,54
1397,57,122,110,50
1398,52,110,112,40
1399,58,111,126,41
1400,60,109,115,59
1401,52,120,104,44
1402,55,115,101,51
1403,43,101,112,55
1404,56,101,112,60
1405,54,111,126,56
1406,51,130,112,45
1407,58,102,127,45
1408,47,119,103,55
1409,58,103,101,52
1410,43,109,125,50
1411,42,106,103,48
1412,42,108,119,41
1413,52,115,112,55
1414,55,117,123,54
1415,40,101,109,48
1416,60,120,123,50
1417,40,122,100,58
1418,44,119,125,48
1419,53,105,107,43
1420,58,113,119,45
1421,60,123,118,55
1422,51,120,122,52
1423,41,110,107,50
1424,51,106,115,59
1425,48,116,121,52
1426,58,112,116,43
1427,49,117,111,49
1428,52,101,103,50
1429,57,129,127,45
1430,43,118,117,49
1431,55,120,117,60
1432,50,101,129,51
1433,55,102,100,41
1434,48,104,122,41
1435,52,120,125,43
1436,55,130,126,50
1437,54,109,121,54
1438,42,116,114,59
1439,55,118,100,59
1440,52,115,102,54
1441,56,108,108,52
1442,40,106,127,43
1443,51,123,110,47
1444,53,116,105,43
1445,40,124,103,46
1446,54,116,122,40
1447,47,102,129,58
1448,45,113,110,46
1449,41,109,125,41
1450,52,120,130,58
1451,59,108,115,55
1452,59,111,107,45
1453,43,117,128,56
1454,50,122,120,42
1455,43,103,114,41
1456,56,128,119,45
1457,55,101,120,46
1458,53,122,105,57
1459,48,119,109,43
1460,41,100,100,52
1461,53,108,118,59
1462,56,129,102,42
1463,45,120,106,50
1464,59,100,129,42
1465,55,104,117,40
1466,50,109,122,43
1467,48,103,119,49
1468,60,102,111,47
1469,48,108,127,49
1470,48,121,109,58
1471,53,129,124,55
1472,54,124,109,53
1473,42,115,107,53
1474,58,112,122,45
1475,56,115,129,55
1476,51,111,117,50
1477,47,130,112,40
1478,44,112,112,59
1479,52,129,108,53
1480,43,113,120,56
1481,58,100,109,57
1482,51,103,123,42
1483,44,112,117,55
1484,48,104,114,41
1485,45,107,114,48
1486,46,112,108,42
1487,42,100,128,49
1488,43,124,115,48
1489,48,108,102,46
1490,52,119,121,50
1491,44,114,105,60
1492,59,105,107,46
1493,53,118,112,55
1494,59,122,124,55
1495,52,108,114,40
1496,40,119,107,43
1497,41,101,102,42
1498,56,103,120,58
1499,57,130,113,53
1500,40,110,105,46
1501,56,114,119,42
1502,43,109,114,60
1503,59,118,124,40
1504,53,124,129,41
1505,55,125,122,60
1506,45,121,100,48
1507,46,119,130,50
1508,48,125,105,44
1509,41,122,122,54
1510,52,101,114,46
1511,55,127,126,58
1512,50,110,107,57
1513,44,104,119,60
1514,50,111,125,45
1515,54,126,109,55
1516,45,109,130,47
1517,58,101,116,45
1518,44,117,104,41
1519,55,120,110,57
1520,58,116,112,57
1521,41,121,105,44
1522,46,102,113,60
1523,57,100,130,45
1524,54,110,103,44
1525,55,122,118,60
1526,59,121,106,57
1527,57,106,130,46
1528,54,125,104,40
1529,59,106,123,44
1530,59,130,130,54
1531,46,129,112,46
1532,53,130,130,56
1533,46,118,102,53
1534,42,122,112,56
1535,59,112,101,57
1536,51,110,111,54
1537,58,104,102,58
1538,49,118,114,41
1539,45,118,106,45
1540,52,106,126,40
1541,45,107,123,54
1542,57,113,103,41
1543,40,118,109,53
1544,54,107,104,47
1545,46,115,101,41
1546,53,130,115,58
1547,42,115,129,40
1548,58,124,101,44
1549,48,110,105,59
1550,56,115,110,42
1551,51,119,119,55
1552,55,103,112,43
1553,51,108,102,51
1554,43,116,118,55
1555,60,120,111,45
1556,59,125,127,49
1557,51,130,129,48
1558,43,102,128,55
1559,42,106,108,50
1560,57,106,112,53
1561,41,127,105,47
1562,49,109,111,42
1563,58,125,112,47
1564,41,112,121,49
1565,48,111,125,50
1566,43,108,124,43
1567,50,128,120,53
1568,48,128,109,52
1569,55,107,130,50
1570,41,105,102,40
1571,41,107,117,47
1572,44,111,119,48
1573,51,111,123,46
1574,48,128,128,53
1575,44,112,104,58
1576,41,116,115,43
1577,53,120,127,40
1578,42,117,114,48
1579,55,122,128,59
1580,58,112,110,44
1581,60,123,104,53
1582,43,109,115,54
1583,53,119,120,42
1584,40,109,115,54
1585,55,123,126,51
1586,49,113,100,56
1587,54,101,124,55
1588,48,100,130,56
1589,58,120,120,51
1590,47,104,114,43
1591,43,100,109,58
1592,56,123,114,51
1593,41,120,107,50
1594,53,112,125,49
1595,48,107,126,60
1596,59,128,112,52
1597,56,117,128,53
1598,52,122,116,45
1599,51,122,120,58
1600,46,107,100,45
1601,44,102,114,60
1602,44,128,116,51
1603,59,127,128,51
1604,55,117,112,51
1605,48,110,109,53
1606,43,108,123,54
1607,57,113,107,52
1608,44,105,119,43
1609,43,109,126,58
1610,51,105,113,54
1611,44,123,116,54
1612,55,130,120,55
1613,56,117,124,50
1614,40,114,114,50
1615,52,108,107,44
1616,54,125,103,57
1617,56,126,117,58
1618,44,100,105,52
1619,54,105,125,59
1620,49,109,129,47
1621,59,115,100,56
1622,58,108,103,52
1623,59,110,129,46
1624,55,126,122,56
1625,57,130,124,44
1626,40,121,122,60
1627,59,103,126,56
1628,44,116,121,52
1629,46,105,100,51
1630,42,128,116,45
1631,59,115,100,40
1632,56,110,125,40
1633,47,123,108,45
1634,53,111,100,45
1635,45,120,110,57
1636,46,103,128,48
1637,55,122,124,54
1638,50,121,109,55
1639,57,108,121,48
1640,54,120,106,58
1641,46,103,105,52
1642,47,118,107,44
1643,41,101,111,41
1644,42,101,122,60
1645,42,123,111,40
1646,40,124,126,55
1647,57,130,106,55
1648,59,117,113,40
1649,47,129,115,47
1650,57,102,108,47
1651,53,114,120,48
1652,52,128,110,53
1653,60,105,127,60
1654,50,124,128,59
1655,46,116,112,49
1656,50,106,128,41
1657,45,102,108,50
1658,54,102,128,42
1659,59,100,118,49
1660,48,123,119,55
1661,60,112,128,43
1662,59,130,114,50
1663,52,113,109,48
1664,59,110,110,44
1665,56,109,124,59
1666,43,114,115,54
1667,58,100,126,51
1668,50,114,118,47
1669,45,106,106,45
1670,54,121,122,44
1671,46,112,124,44
1672,56,129,111,48
1673,53,112,102,41
1674,57,116,108,44
1675,53,106,124,54
1676,59,126,126,40
1677,50,122,128,53
1678,48,105,129,55
1679,54,118,106,43
1680,48,103,102,58
1681,59,104,126,54
1682,45,107,124,45
1683,46,107,110,46
1684,48,130,110,54
1685,59,116,103,46
1686,57,128,110,56
1687,46,130,118,47
1688,57,108,117,48
1689,54,128,114,59
1690,59,104,119,55
1691,49,109,127,59
1692,46,118,101,47
1693,46,118,100,59
1694,50,122,127,60
1695,49,127,112,58
1696,50,121,121,44
1697,40,122,117,50
1698,52,122,105,60
1699,47,129,100,59
1700,43,109,118,44
1701,42,104,124,45
1702,50,127,117,42
1703,59,123,125,51
1704,53,123,106,43
1705,56,116,130,47
1706,59,101,101,56
1707,51,119,119,50
1708,59,113,107,45
1709,45,116,102,46
1710,59,112,114,56
1711,42,123,104,44
1712,42,128,123,46
1713,45,123,125,58
1714,45,115,127,50
1715,53,126,123,52
1716,56,115,105,43
1717,44,123,118,41
1718,43,129,113,47
1719,46,100,119,43
1720,47,116,102,59
1721,50,111,100,56
1722,59,105,117,45
1723,45,121,120,52
1724,52,121,127,41
1725,41,114,111,47
1726,56,105,111,42
1727,40,106,123,55
1728,40,128,102,49
1729,50,121,129,53
1730,60,106,111,52
1731,59,109,108,58
1732,40,101,124,44
1733,46,125,128,54
1734,48,117,126,59
1735,50,113,107,42
1736,56,112,114,40
1737,57,106,118,48
1738,55,103,113,54
1739,50,112,111,43
1740,46,117,127,54
1741,48,119,128,48
1742,48,105,111,54
1743,52,116,114,41
1744,45,101,101,57
1745,59,108,103,58
1746,44,123,113,40
1747,49,127,118,57
1748,47,104,100,57
1749,41,117,108,43
1750,47,130,103,43
1751,60,110,128,60
1752,53,129,129,47
1753,41,116,118,54
1754,48,120,104,49
1755,55,125,122,56
1756,56,108,107,59
1757,46,104,101,47
1758,48,120,112,49
1759,43,107,119,50
1760,51,124,115,50
1761,59,121,102,51
1762,59,118,115,59
1763,42,110,128,46
1764,54,101,123,42
1765,50,109,121,57
1766,51,125,119,55
1767,55,128,121,44
1768,44,123,125,44
1769,52,109,116,54
1770,49,124,122,50
1771,59,130,122,40
1772,53,125,127,51
1773,49,128,103,50
1774,41,114,124,55
1775,45,104,111,49
1776,49,130,125,59
1777,57,110,108,41
1778,53,129,115,40
1779,47,104,124,55
1780,55,101,109,42
1781,52,130,122,45
1782,50,129,109,49
1783,53,124,122,56
1784,54,102,119,48
1785,55,119,117,53
1786,57,125,115,43
1787,49,103,127,48
1788,54,121,130,48
1789,60,108,128,49
1790,54,127,125,49
1791,46,111,110,56
1792,53,124,118,57
1793,51,113,101,56
1794,43,116,114,59
1795,46,116,116,45
1796,41,104,108,60
1797,46,130,128,51
1798,49,120,105,45
1799,43,128,114,48
1800,60,107,102,59
1801,52,127,125,48
1802,51,130,120,50
1803,53,115,111,54
1804,47,120,111,49
1805,42,108,115,59
1806,42,115,129,56
1807,54,118,105,49
1808,52,109,105,52
1809,47,101,115,57
1810,42,113,103,46
1811,58,128,130,46
1812,44,106,102,40
1813,58,105,112,44
1814,59,115,112,45
1815,60,107,128,49
1816,54,121,123,43
1817,49,119,101,49
1818,43,123,126,41
1819,46,110,104,57
1820,45,123,128,52
1821,52,123,111,50
1822,55,116,111,54
1823,53,118,118,44
1824,56,119,100,52
1825,40,103,102,43
1826,49,102,100,48
1827,57,108,113,41
1828,50,105,124,56
1829,48,116,110,50
1830,59,103,124,50
1831,48,106,111,55
1832,58,118,127,43
1833,45,108,127,53
1834,44,122,107,51
1835,57,119,113,53
1836,56,116,104,44
1837,50,126,106,60
1838,44,100,110,45
1839,41,103,123,53
1840,57,128,129,56
1841,52,112,110,52
1842,51,126,115,55
1843,48,102,115,43
1844,46,126,114,53
1845,58,109,101,46
1846,49,100,122,46
1847,41,116,118,50
1848,45,116,113,53
1849,58,122,118,56
1850,57,105,105,46
1851,51,101,101,45
1852,59,117,100,45
1853,42,105,111,60
1854,49,121,122,47
1855,54,117,128,47
1856,45,119,108,47
1857,41,101,120,49
1858,43,114,120,57
1859,58,127,102,40
1860,53,110,123,50
1861,50,104,117,53
1862,44,127,100,56
1863,56,127,107,44
1864,47,115,102,55
1865,55,110,113,40
1866,43,122,106,49
1867,58,126,104,55
1868,47,113,103,43
1869,54,115,116,57
1870,59,119,111,57
1871,55,121,115,55
1872,55,105,113,41
1873,47,110,109,43
1874,55,112,119,56
1875,45,118,129,60
1876,52,117,108,58
1877,52,114,112,51
1878,50,128,118,59
1879,46,129,100,40
1880,46,106,113,57
1881,43,124,105,59
1882,46,122,117,46
1883,59,103,122,52
1884,51,119,104,59
1885,59,104,103,42
1886,47,117,113,47
1887,50,121,116,51
1888,42,116,103,49
1889,56,122,103,42
1890,43,101,110,41
1891,40,114,118,47
1892,44,121,123,52
1893,41,106,114,52
1894,51,102,122,43
1895,40,103,128,40
1896,57,122,124,41
1897,49,114,101,60
1898,49,112,124,57
1899,56,108,122,58
1900,46,111,117,46
1901,59,108,123,44
1902,50,106,106,46
1903,52,117,126,52
1904,59,118,120,60
1905,44,104,130,40
1906,52,121,120,55
1907,57,115,107,59
1908,55,125,105,43
1909,53,112,124,42
1910,42,111,127,48
1911,54,115,127,59
1912,48,110,111,41
1913,40,102,106,48
1914,50,127,115,44
1915,46,130,119,41
1916,46,128,120,51
1917,52,103,117,56
1918,47,115,114,52
1919,59,121,101,45
1920,46,104,110,43
1921,51,126,102,41
1922,60,115,111,48
1923,58,106,105,58
1924,59,122,113,46
1925,55,102,128,44
1926,56,107,112,56
1927,41,103,102,58
1928,58,106,123,57
1929,57,108,107,54
1930,49,115,123,55
1931,41,105,105,44
1932,48,110,129,50
1933,56,112,104,45
1934,44,103,130,51
1935,45,101,105,51
1936,58,109,110,47
1937,58,130,102,54
1938,54,101,115,51
1939,53,129,122,46
1940,54,106,127,43
1941,45,107,124,48
1942,46,117,128,48
1943,45,128,112,49
1944,55,124,128,48
1945,40,105,130,40
1946,47,121,129,40
1947,53,121,129,53
1948,60,118,114,42
1949,42,114,118,55
1950,44,125,102,58
1951,55,112,122,54
1952,41,109,103,44
1953,41,125,124,58
1954,46,124,125,40
1955,40,118,122,44
1956,46,114,123,57
1957,55,126,118,54
1958,43,130,116,51
1959,56,107,108,50
1960,40,127,112,45
1961,60,100,112,56
1962,42,127,111,41
1963,46,117,116,48
1964,41,128,121,56
1965,57,105,108,60
1966,49,101,103,41
1967,52,122,108,58
1968,53,121,120,54
1969,55,109,124,44
1970,44,109,101,56
1971,57,104,116,42
1972,48,115,104,55
1973,43,130,100,45
1974,58,130,107,41
1975,51,108,115,47
1976,51,106,112,42
1977,58,107,124,47
1978,59,126,110,56
1979,50,118,121,58
1980,45,105,108,56
1981,58,124,121,49
1982,54,104,115,58
1983,43,118,113,40
1984,42,125,118,47
1985,56,106,102,40
1986,47,114,106,52
1987,42,111,113,59
1988,41,114,120,57
1989,54,120,119,43
1990,60,128,112,54
1991,59,119,125,50
1992,46,109,127,52
1993,56,106,130,51
1994,53,128,110,55
1995,53,117,120,55
1996,41,110,116,59
1997,56,105,114,50
1998,57,102,113,49
1999,48,117,125,42
2000,44,125,120,48
2001,41,115,122,53
2002,50,130,108,45
2003,58,124,128,57
2004,51,106,113,45
2005,56,124,109,40
2006,53,109,113,54
2007,45,130,108,56
2008,45,121,126,41
2009,54,127,107,47
2010,52,108,120,42
2011,44,120,123,58
2012,49,103,116,56
2013,58,103,126,43
2014,44,107,130,51
2015,50,123,114,40
2016,43,118,101,53
2017,41,110,118,43
2018,49,123,114,56
2019,58,104,108,53
2020,50,123,100,53
2021,54,117,120,55
2022,51,106,117,42
2023,56,116,105,54
2024,47,121,129,41
2025,55,113,127,45
2026,60,117,126,41
2027,47,102,124,52
2028,56,129,129,53
2029,40,116,126,56
2030,52,119,129,47
2031,40,129,118,40
2032,59,127,119,51
2033,52,115,102,60
2034,56,118,105,55
2035,42,105,117,50
2036,56,118,128,40
2037,59,124,109,53
2038,49,107,119,41
2039,40,102,118,60
2040,54,120,111,49
2041,53,106,107,59
2042,50,113,115,51
2043,44,116,122,40
2044,60,125,130,44
2045,54,118,126,59
2046,44,118,112,43
2047,45,119,117,46
2048,54,104,108,52
2049,54,125,110,41
2050,41,115,120,53
2051,42,130,115,48
2052,49,105,117,51
2053,58,108,119,57
2054,41,111,120,53
2055,51,121,117,45
2056,45,111,126,41
2057,51,129,104,58
2058,52,121,126,51
2059,45,110,115,54
2060,52,115,109,41
2061,50,114,105,58
2062,58,111,107,40
2063,40,120,120,42
2064,52,101,104,42
2065,46,112,102,43
2066,44,114,116,57
2067,54,114,118,42
2068,40,104,120,57
2069,43,122,111,42
2070,52,107,128,52
2071,50,102,100,52
2072,40,106,126,54
2073,48,104,111,58
2074,41,103,113,46
2075,56,106,116,47
2076,54,117,101,51
2077,58,117,127,46
2078,59,103,107,45
2079,43,125,118,49
2080,50,110,104,42
2081,44,127,102,44
2082,45,102,110,57
2083,50,109,130,56
2084,58,105,113,40
2085,48,111,123,50
2086,50,126,103,48
2087,54,121,100,52
2088,44,105,125,51
2089,47,121,115,45
2090,47,127,117,54
2091,56,119,105,50
2092,46,127,108,57
2093,45,111,130,49
2094,56,127,101,52
2095,42,130,107,58
2096,51,105,125,49
2097,55,111,100,55
2098,51,111,108,53
2099,58,129,110,51
2100,50,129,112,41
2101,56,120,118,55
2102,49,119,128,46
2103,55,100,103,53
2104,60,122,108,47
2105,49,110,106,45
2106,42,118,125,53
2107,41,117,116,41
2108,49,115,120,60
2109,42,100,120,53
2110,55,120,120,45
2111,49,127,104,54
2112,50,107,129,59
2113,55,128,130,44
2114,40,126,110,44
2115,44,120,127,40
2116,50,106,125,40
2117,60,123,122,53
2118,51,122,116,60
2119,44,127,115,60
2120,58,116,104,60
2121,47,105,105,49
2122,42,127,102,58
2123,49,107,103,60
2124,50,125,118,53
2125,42,105,112,54
2126,42,100,101,50
2127,49,108,119,47
2128,55,121,103,54
2129,42,115,114,40
2130,60,125,123,51
2131,44,108,110,43
2132,48,129,118,50
2133,53,118,129,42
2134,54,110,126,55
2135,43,116,118,40
2136,44,120,101,53
2137,50,109,102,43
2138,45,112,120,54
2139,42,122,120,41
2140,43,128,114,54
2141,44,130,119,60
2142,49,109,100,46
2143,42,120,128,42
2144,57,109,112,60
2145,59,117,101,59
2146,58,118,113,58
2147,48,101,101,51
2148,40,112,125,50
2149,44,106,104,40
2150,40,110,105,42
2151,46,124,106,41
2152,46,105,109,51
2153,42,120,112,59
2154,57,116,112,53
2155,49,109,104,42
2156,58,120,116,46
2157,50,117,103,58
2158,53,105,122,45
2159,40,107,116,56
2160,58,125,126,51
2161,46,119,110,43
2162,42,108,118,49
2163,44,127,121,54
2164,49,111,114,45
2165,47,129,116,40
2166,51,120,105,53
2167,47,119,128,47
2168,45,101,122,47
2169,59,123,119,47
2170,50,113,108,55
2171,60,105,100,41
2172,42,122,104,47
2173,41,128,115,54
2174,59,122,113,58
2175,54,122,115,60
2176,47,128,103,45
2177,53,102,100,49
2178,45,112,119,52
2179,53,121,116,60
2180,45,122,108,60
2181,48,103,123,45
2182,54,121,105,44
2183,52,130,130,42
2184,49,120,116,49
2185,51,118,118,49
2186,49,117,108,49
2187,44,102,130,47
2188,44,103,121,49
2189,51,116,107,48
2190,47,128,114,53
2191,60,116,126,51
2192,59,123,129,52
2193,50,102,108,43
2194,53,100,112,49
2195,44,128,109,52
2196,42,101,118,49
2197,40,121,102,56
2198,46,127,105,44
2199,53,101,130,57
2200,59,128,127,42
2201,59,110,104,52
2202,52,120,124,45
2203,46,113,118,51
2204,46,128,120,49
2205,52,122,128,43
2206,60,117,121,42
2207,56,109,127,40
2208,54,108,125,54
2209,57,124,126,56
2210,42,128,127,51
2211,59,113,125,44
2212,45,114,107,47
2213,48,123,123,40
2214,46,130,104,46
2215,43,113,115,47
2216,60,119,109,59
2217,45,105,100,56
2218,52,119,115,46
2219,43,128,114,48
2220,53,102,111,46
2221,49,101,101,40
2222,41,101,101,42
2223,43,111,117,45
2224,54,108,116,44
2225,55,127,103,45
2226,54,113,119,59
2227,44,125,119,48
2228,60,115,109,51
2229,40,116,113,42
2230,47,109,104,46
2231,55,122,122,40
2232,41,123,118,58
2233,44,108,115,40
2234,59,116,121,49
2235,44,115,108,60
2236,40,121,124,59
2237,43,115,117,58
2238,41,102,127,52
2239,51,128,115,43
2240,54,108,116,42
2241,43,119,129,43
2242,51,103,117,56
2243,41,129,119,40
2244,49,104,117,50
2245,40,129,105,44
2246,55,129,114,53
2247,48,129,128,40
2248,44,118,118,43
2249,55,118,125,52
2250,51,108,119,45
2251,50,120,118,51
2252,58,109,113,43
2253,58,123,127,46
2254,60,113,118,44
2255,58,113,103,60
2256,53,118,101,46
2257,53,111,130,40
2258,56,124,105,47
2259,51,109,105,56
2260,44,125,106,57
2261,56,100,110,60
2262,43,118,130,43
2263,49,119,115,40
2264,43,107,123,41
2265,53,122,130,48
2266,44,117,101,42
2267,44,104,115,55
2268,50,119,125,45
2269,60,130,124,43
2270,50,124,124,43
2271,53,123,114,51
2272,58,118,119,42
2273,57,121,130,46
2274,55,126,115,44
2275,48,123,119,51
2276,47,123,111,48
2277,49,101,110,60
2278,52,126,117,54
2279,56,100,117,45
2280,56,110,101,59
2281,41,112,122,50
2282,46,104,125,57
2283,57,109,130,54
2284,49,114,123,58
2285,59,100,106,51
2286,57,118,125,47
2287,42,124,120,52
2288,55,121,114,42
2289,47,109,128,43
2290,56,125,129,40
2291,51,130,128,54
2292,56,104,124,56
2293,40,107,112,45
2294,40,115,102,56
2295,56,127,108,42
2296,42,120,125,44
2297,41,110,125,51
2298,60,119,113,58
2299,56,120,102,46
2300,51,100,123,40
2301,42,125,110,54
2302,44,119,127,53
2303,60,119,121,56
2304,58,115,108,45
2305,40,129,100,52
2306,46,128,107,44
2307,55,124,110,50
2308,44,110,130,44
2309,56,116,117,42
2310,59,115,130,58
2311,40,115,130,47
2312,52,113,128,47
2313,48,124,114,52
2314,55,118,110,42
2315,40,106,127,50
2316,45,124,108,60
2317,53,101,120,54
2318,48,103,119,52
2319,47,105,114,48
2320,55,115,106,49
2321,43,123,114,46
2322,55,106,107,49
2323,58,129,110,47
2324,50,117,126,48
2325,43,124,103,58
2326,46,115,105,57
2327,52,106,112,46
2328,47,116,121,44
2329,47,125,108,40
2330,42,116,105,42
2331,57,110,103,53
2332,59,112,111,50
2333,51,107,103,43
2334,46,120,101,49
2335,44,104,120,49
2336,52,128,102,55
2337,48,118,124,57
2338,54,123,123,49
2339,42,130,100,59
2340,45,112,112,50
2341,41,114,124,51
2342,59,118,120,57
2343,42,120,129,42
2344,52,124,114,42
2345,53,105,113,54
2346,55,114,118,50
2347,42,101,121,59
2348,42,125,106,50
2349,53,108,114,55
2350,49,119,130,57
2351,53,109,100,41
2352,49,125,108,47
2353,48,119,114,59
2354,53,116,105,49
2355,49,124,106,51
2356,53,123,102,52
2357,47,102,113,40
2358,52,114,123,51
2359,44,104,127,47
2360,59,117,101,40
2361,58,109,124,49
2362,52,125,127,56
2363,58,128,117,45
2364,59,103,129,55
2365,44,118,120,52
2366,42,108,113,51
2367,55,102,119,55
2368,55,122,105,58
2369,52,106,119,44
2370,58,114,107,51
2371,54,117,130,44
2372,47,127,122,47
2373,47,130,122,59
2374,48,105,120,51
2375,45,122,123,53
2376,56,116,111,40
2377,59,128,126,43
2378,59,110,130,60
2379,44,109,120,49
2380,52,107,100,54
2381,57,118,113,46
2382,42,122,123,42
2383,45,104,101,58
2384,48,110,110,45
2385,48,114,112,60
2386,51,111,105,59
2387,41,124,112,45
2388,53,102,117,40
2389,55,129,129,56
2390,44,123,101,46
2391,52,109,121,48
2392,49,128,105,41
2393,52,112,100,40
2394,41,117,122,49
2395,58,124,117,58
2396,55,129,106,54
2397,42,115,117,50
2398,59,107,129,54
2399,43,103,112,58
2400,42,115,112,40
2401,42,121,100,41
2402,50,119,112,45
2403,53,124,124,46
2404,50,108,110,45
2405,51,107,114,48
2406,56,103,130,41
2407,43,101,117,45
2408,51,121,103,52
2409,46,110,117,52
2410,46,110,118,51
2411,44,116,107,50
2412,40,117,102,44
2413,46,116,129,57
2414,46,126,101,51
2415,55,103,111,51
2416,44,112,123,47
2417,47,108,119,51
2418,57,119,119,51
2419,48,122,101,40
2420,57,104,102,55
2421,48,105,108,59
2422,41,115,114,57
2423,59,128,101,49
2424,46,113,103,58
2425,53,130,120,49
2426,58,127,124,59
2427,54,112,102,46
2428,52,116,120,49
2429,46,108,117,46
2430,59,108,105,52
2431,47,104,116,58
2432,43,103,128,41
2433,52,130,121,59
2434,51,119,125,45
2435,44,117,101,60
2436,60,117,102,50
2437,52,112,120,48
2438,46,104,120,43
2439,53,129,116,55
2440,43,101,107,53
2441,48,125,103,57
2442,50,109,123,50
2443,48,109,112,60
2444,42,112,108,59
2445,57,121,111,56
2446,44,109,128,40
2447,44,124,127,59
2448,60,125,108,43
2449,58,114,120,40
2450,59,117,112,49
2451,45,117,103,41
2452,40,115,125,50
2453,55,105,130,59
2454,44,101,118,42
2455,52,117,119,43
2456,41,104,117,54
2457,55,122,115,51
2458,46,116,115,44
2459,52,100,106,55
2460,53,122,101,55
2461,57,122,126,45
2462,51,100,105,56
2463,41,119,110,60
2464,42,114,108,52
2465,40,126,126,44
2466,50,119,125,43
2467,58,121,123,47
2468,50,120,126,50
2469,52,130,110,51
2470,53,100,120,44
2471,41,128,101,57
2472,59,100,116,59
2473,48,113,128,48
2474,52,113,128,60
2475,52,104,107,60
2476,40,113,109,52
2477,49,128,111,41
2478,53,100,123,44
2479,49,110,121,42
2480,49,124,109,54
2481,42,109,126,44
2482,47,120,108,48
2483,40,112,122,59
2484,53,116,110,42
2485,57,118,124,45
2486,43,126,123,54
2487,43,115,117,59
2488,47,100,109,51
2489,51,103,104,40
2490,58,106,118,49
2491,40,113,101,52
2492,42,113,127,56
2493,59,113,108,44
2494,50,111,126,44
2495,57,102,107,57
2496,59,118,128,40
2497,56,116,127,59
2498,57,104,106,57
2499,45,124,103,54
2500,54,116,127,57
2501,52,107,119,54
2502,57,121,120,58
2503,48,119,108,53
2504,46,109,120,44
2505,49,107,105,54
2506,52,122,101,44
2507,42,115,126,48
2508,52,117,128,53
2509,59,105,128,50
2510,52,103,117,42
2511,55,123,100,42
2512,42,104,113,51
2513,56,107,127,45
2514,44,117,124,51
2515,56,122,130,40
2516,42,121,122,46
2517,42,112,120,43
2518,40,119,130,44
2519,48,120,105,51
2520,50,122,106,49
2521,40,124,124,60
2522,43,129,129,57
2523,46,112,105,59
2524,57,113,111,54
2525,50,127,104,52
2526,41,122,105,49
2527,59,110,100,52
2528,53,102,115,41
2529,46,104,116,50
2530,41,105,110,43
2531,58,105,102,42
2532,46,111,123,59
2533,45,109,106,52
2534,45,121,114,43
2535,51,115,105,57
2536,48,100,107,58
2537,42,110,117,58
2538,52,121,115,57
2539,60,117,105,54
2540,50,107,100,60
2541,56,115,110,43
2542,50,108,128,54
2543,52,114,120,59
2544,53,113,112,56
2545,40,100,117,56
2546,58,129,122,49
2547,56,107,115,55
2548,60,105,121,51
2549,59,130,102,52
2550,43,110,121,42
2551,54,110,104,54
2552,47,102,118,48
2553,48,108,122,56
2554,46,104,129,53
2555,60,106,118,57
2556,40,121,109,59
2557,50,119,112,43
2558,60,117,121,43
2559,45,118,113,53
2560,53,117,128,50
2561,42,121,130,44
2562,46,123,110,58
2563,42,117,120,50
2564,57,117,100,57
2565,45,125,106,60
2566,44,103,124,43
2567,57,103,128,60
2568,57,121,126,53
2569,49,112,101,48
2570,43,116,116,47
2571,56,105,119,42
2572,43,105,123,43
2573,40,105,128,51
2574,55,104,115,59
2575,55,101,101,49
2576,56,123,114,43
2577,44,126,123,41
2578,52,118,106,42
2579,60,106,106,55
2580,42,114,113,56
2581,45,116,115,45
2582,44,106,106,60
2583,60,102,118,53
2584,44,128,130,48
2585,60,130,101,50
2586,49,109,110,40
2587,44,110,118,46
2588,45,126,111,56
2589,44,112,100,50
2590,55,128,127,55
2591,55,100,124,51
2592,58,121,130,52
2593,57,129,126,55
2594,60,103,124,51
2595,43,109,123,41
2596,59,106,119,54
2597,41,119,110,43
2598,56,107,105,52
2599,53,100,114,56
2600,46,110,126,49
2601,58,102,114,41
2602,52,104,110,54
2603,47,108,108,52
2604,42,103,111,57
2605,41,110,100,43
2606,53,123,109,40
2607,51,118,129,40
2608,59,107,101,41
2609,40,121,103,44
2610,54,120,130,40
2611,52,127,105,58
2612,47,120,101,56
2613,40,120,116,51
2614,43,110,108,55
2615,57,123,110,60
2616,43,121,105,49
2617,44,106,121,41
2618,44,101,130,54
2619,44,102,109,40
2620,48,108,101,51
2621,46,101,111,55
2622,45,101,101,56
2623,52,109,101,58
2624,50,125,100,51
2625,52,113,128,58
2626,60,113,116,42
2627,52,117,127,47
2628,50,126,129,51
2629,47,103,110,52
2630,48,103,128,45
2631,55,101,124,45
2632,44,105,114,48
2633,51,122,101,42
2634,60,107,126,49
2635,58,110,113,40
2636,54,124,114,55
2637,46,127,121,41
2638,50,114,102,56
2639,41,101,101,54
2640,45,116,110,60
2641,50,113,118,48
2642,42,124,115,43
2643,56,122,127,59
2644,44,129,126,50
2645,60,111,125,52
2646,41,105,112,43
2647,41,111,122,42
2648,56,123,109,45
2649,59,104,117,59
2650,42,113,125,45
2651,48,115,108,40
2652,59,115,126,56
2653,55,107,126,57
2654,57,120,105,58
2655,51,124,113,56
2656,41,116,128,44
2657,40,121,102,52
2658,55,125,123,46
2659,46,129,121,55
2660,50,105,129,55
2661,50,113,112,46
2662,49,123,104,42
2663,42,130,129,46
2664,58,122,106,60
2665,41,115,130,56
2666,42,104,107,49
2667,45,110,102,44
2668,44,103,114,43
2669,54,130,105,56
2670,58,102,127,53
2671,47,112,118,45
2672,56,116,101,60
2673,41,113,121,40
2674,59,118,120,57
2675,60,104,128,43
2676,51,110,122,47
2677,41,122,102,47
2678,43,124,108,60
2679,51,101,109,47
2680,50,121,110,57
2681,60,125,106,56
2682,57,123,103,47
2683,55,108,106,59
2684,58,122,113,55
2685,48,102,111,52
2686,51,124,108,42
2687,42,107,112,52
2688,49,103,114,42
2689,54,103,121,48
2690,60,127,118,56
2691,42,128,100,49
2692,45,104,121,50
2693,46,103,113,56
2694,54,112,111,45
2695,54,117,121,46
2696,57,105,114,47
2697,44,100,112,47
2698,53,128,113,50
2699,57,102,116,52
2700,58,117,104,52
2701,45,129,104,51
2702,52,101,125,50
2703,57,119,119,51
2704,57,122,106,59
2705,55,126,126,41
2706,41,110,111,55
2707,41,113,104,44
2708,49,122,130,53
2709,45,116,112,56
2710,53,119,117,46
2711,40,115,125,56
2712,50,127,100,45
2713,52,124,112,57
2714,49,114,105,49
2715,43,126,127,58
2716,45,124,125,46
2717,40,128,130,59
2718,60,114,121,45
2719,54,126,116,56
2720,58,127,109,49
2721,46,108,115,60
2722,40,126,100,53
2723,57,115,126,47
2724,46,112,126,58
2725,54,105,116,59
2726,46,120,100,41
2727,58,101,110,45
2728,54,105,119,42
2729,60,122,102,43
2730,48,103,102,54
2731,60,116,127,43
2732,44,125,113,42
2733,47,121,111,52
2734,47,112,126,50
2735,52,108,109,59
2736,43,117,128,50
2737,40,128,119,57
2738,60,116,115,45
2739,48,129,100,59
2740,47,115,103,57
2741,59,130,107,47
2742,42,113,126,59
2743,57,111,111,58
2744,40,104,112,49
2745,52,128,126,52
2746,56,100,106,57
2747,53,111,124,40
2748,41,128,129,60
2749,54,111,129,43
2750,43,127,110,41
2751,53,112,102,54
2752,55,101,113,43
2753,55,107,102,58
2754,53,101,116,58
2755,44,110,107,41
2756,46,126,109,48
2757,42,101,103,60
2758,43,119,107,47
2759,48,121,112,46
2760,47,107,100,45
2761,47,128,104,42
2762,47,114,109,55
2763,41,113,129,57
2764,41,106,101,50
2765,46,119,127,46
2766,46,109,114,45
2767,47,105,115,59
2768,40,110,126,51
2769,45,108,126,51
2770,41,105,109,42
2771,40,112,130,47
2772,48,114,115,40
2773,50,105,125,56
2774,44,123,113,58
2775,58,123,124,47
2776,57,124,125,57
2777,60,103,105,53
2778,51,123,122,60
2779,57,106,107,44
2780,53,119,110,52
2781,54,127,121,51
2782,49,122,107,41
2783,46,116,119,55
2784,44,104,103,48
2785,50,114,108,50
2786,47,113,130,41
2787,59,125,127,53
2788,40,105,128,51
2789,52,127,127,40
2790,43,126,108,44
2791,54,117,101,43
2792,46,107,118,58
2793,44,111,124,51
2794,51,108,111,60
2795,49,101,121,43
2796,43,112,116,53
2797,56,123,116,59
2798,60,108,110,41
2799,49,120,119,45
2800,41,104,119,59
2801,44,122,123,56
2802,45,130,103,42
2803,41,100,126,47
2804,44,116,113,53
2805,51,118,128,54
2806,45,110,100,40
2807,54,117,100,56
2808,43,105,123,58
2809,53,116,116,48
2810,41,120,112,49
2811,52,103,114,42
2812,58,114,112,54
2813,41,112,108,56
2814,57,109,122,45
2815,48,126,102,42
2816,42,107,113,45
2817,53,111,113,50
2818,46,116,113,50
2819,52,103,127,41
2820,49,126,127,40
2821,43,129,102,41
2822,40,129,128,59
2823,50,112,115,50
2824,42,110,121,45
2825,48,114,118,41
2826,45,126,113,55
2827,45,103,128,43
2828,44,116,126,45
2829,44,100,112,49
2830,58,103,130,52
2831,55,126,106,53
2832,54,108,100,60
2833,42,120,113,58
2834,48,107,100,41
2835,48,106,119,53
2836,58,123,107,52
2837,42,102,122,58
2838,59,122,118,54
2839,60,122,100,40
2840,59,127,118,47
2841,44,121,112,41
2842,59,124,126,50
2843,58,100,116,57
2844,56,109,127,50
2845,44,100,126,46
2846,40,118,120,50
2847,44,109,123,48
2848,58,115,112,40
2849,45,104,109,49
2850,47,100,127,47
2851,40,106,127,42
2852,48,108,122,45
2853,40,102,112,47
2854,51,118,112,48
2855,51,101,105,49
2856,46,120,120,55
2857,40,113,128,47
2858,49,128,102,48
2859,57,127,123,50
2860,46,125,106,60
2861,46,114,107,55
2862,53,114,115,54
2863,43,110,126,58
2864,45,101,126,52
2865,47,126,118,46
2866,53,110,103,56
2867,54,128,125,40
2868,48,129,111,58
2869,40,114,102,47
2870,51,121,129,44
2871,42,119,120,51
2872,41,121,109,54
2873,54,117,112,42
2874,57,123,105,57
2875,47,103,116,42
2876,56,125,128,44
2877,49,129,115,43
2878,58,119,100,50
2879,46,106,106,46
2880,52,106,105,40
2881,40,116,105,55
2882,50,122,128,52
2883,50,114,108,48
2884,59,130,101,54
2885,42,126,109,43
2886,53,113,120,40
2887,42,110,108,50
2888,53,117,107,49
2889,49,105,100,59
2890,50,100,104,58
2891,49,127,106,45
2892,47,110,127,55
2893,44,108,110,55
2894,49,127,110,57
2895,42,118,113,43
2896,47,122,116,43
2897,43,109,123,54
2898,58,106,101,54
2899,57,105,123,53
2900,54,107,102,54
2901,44,104,129,58
2902,55,112,118,44
2903,40,110,129,60
2904,44,120,123,57
2905,48,102,128,59
2906,46,128,109,41
2907,47,128,124,42
2908,45,112,104,47
2909,43,108,111,48
2910,51,104,112,44
2911,48,110,108,41
2912,40,127,111,56
2913,41,127,109,49
2914,48,104,104,48
2915,53,114,100,46
2916,59,119,100,60
2917,59,121,104,53
2918,51,120,107,58
2919,43,123,120,55
2920,53,113,128,44
2921,56,115,121,55
2922,44,129,116,59
2923,47,104,115,53
2924,53,108,116,48
2925,54,113,129,43
2926,45,102,105,46
2927,46,107,113,57
2928,41,130,127,48
2929,59,125,128,60
2930,48,113,117,45
2931,41,102,114,47
2932,55,110,130,40
2933,59,107,101,58
2934,55,107,108,47
2935,54,111,103,51
2936,43,130,112,43
2937,41,124,120,47
2938,56,110,118,44
2939,41,123,129,45
2940,57,113,106,60
2941,50,112,103,49
2942,49,103,128,50
2943,59,127,124,56
2944,51,102,116,47
2945,49,101,115,54
2946,46,121,111,55
2947,50,115,107,41
2948,56,116,130,45
2949,44,107,128,57
2950,47,125,102,49
2951,47,110,123,54
2952,51,105,112,60
2953,42,120,112,40
2954,51,102,101,44
2955,52,107,113,52
2956,58,123,102,49
2957,45,102,107,55
2958,44,115,125,44
2959,51,100,104,41
2960,49,123,115,53
2961,47,109,108,59
2962,50,104,123,48
2963,46,128,128,46
2964,41,104,129,55
2965,51,120,111,41
2966,59,127,101,54
2967,48,117,103,56
2968,50,121,111,56
2969,47,102,123,42
2970,52,107,122,41
2971,56,109,126,46
2972,50,113,100,59
2973,58,100,109,46
2974,51,109,110,43
2975,49,115,106,48
2976,50,104,110,60
2977,47,112,117,40
2978,57,130,121,42
2979,55,104,100,56
2980,41,112,111,48
2981,47,123,102,43
2982,47,109,119,52
2983,55,113,111,40
2984,43,121,121,48
2985,41,119,116,55
2986,52,100,121,49
2987,56,103,112,54
2988,57,117,115,44
2989,42,113,121,45
2990,48,121,128,41
2991,53,116,117,59
2992,52,118,108,45
2993,46,109,113,43
2994,46,110,100,41
2995,51,126,127,42
2996,48,100,121,55
2997,55,108,107,57
2998,60,119,115,43
2999,47,130,102,42
3000,49,120,110,43
3001,60,115,115,60
3002,55,111,112,40
3003,57,127,107,44
3004,55,103,101,50
3005,40,122,128,44
3006,58,108,105,57
3007,43,120,108,57
3008,50,106,119,46
3009,54,124,114,43
3010,50,113,118,42
3011,52,114,102,50
3012,54,128,113,53
3013,50,113,120,51
3014,41,128,107,48
3015,51,110,126,45
3016,44,105,100,58
3017,57,111,113,42
3018,57,117,118,48
3019,52,108,110,60
3020,55,123,125,40
3021,44,105,108,50
3022,41,112,102,53
3023,55,103,118,52
3024,51,125,109,52
3025,52,107,128,49
3026,59,101,112,50
3027,41,123,125,53
3028,52,120,120,57
3029,55,100,130,40
3030,59,106,121,43
3031,59,118,101,45
3032,47,116,101,44
3033,55,119,111,46
3034,55,102,127,59
3035,55,112,121,54
3036,58,113,123,49
3037,51,104,106,49
3038,53,125,129,58
3039,51,102,129,54
3040,53,115,115,40
3041,56,115,126,48
3042,57,104,120,46
3043,41,100,111,43
3044,57,105,119,45
3045,44,106,123,46
3046,48,128,111,57
3047,50,100,102,51
3048,54,116,130,51
3049,57,108,125,53
3050,55,128,111,57
3051,44,105,114,50
3052,52,116,120,54
3053,52,121,128,53
3054,51,124,123,48
3055,46,111,125,50
3056,45,123,106,53
3057,42,105,123,53
3058,41,123,106,56
3059,53,113,125,44
3060,41,124,130,41
3061,41,118,115,46
3062,46,126,118,60
3063,44,107,113,55
3064,58,113,127,43
3065,47,104,123,52
3066,60,105,119,40
3067,47,111,115,41
3068,56,122,114,42
3069,46,128,127,51
3070,51,126,112,54
3071,44,106,123,47
3072,56,125,109,42
3073,55,112,112,46
3074,48,104,117,49
3075,56,129,127,40
3076,60,102,108,50
3077,53,101,107,49
3078,50,107,122,49
3079,43,109,101,51
3080,48,108,108,50
3081,43,113,124,53
3082,56,128,103,58
3083,60,110,123,53
3084,56,120,127,49
3085,44,129,121,42
3086,41,105,112,45
3087,52,120,103,42
3088,50,115,108,51
3089,41,118,130,41
3090,50,115,119,49
3091,55,109,104,60
3092,55,125,123,52
3093,41,108,108,59
3094,55,116,126,58
3095,58,129,130,56
3096,56,111,110,40
3097,58,123,106,51
3098,47,123,103,42
3099,55,129,112,56
3100,53,107,103,57
3101,46,115,101,46
3102,47,125,117,54
3103,60,115,108,45
3104,49,111,101,59
3105,45,117,110,58
3106,53,115,124,49
3107,56,115,127,53
3108,46,124,104,47
3109,41,111,103,58
3110,48,106,101,47
3111,42,113,122,50
3112,47,106,114,59
3113,47,100,102,41
3114,43,123,102,46
3115,54,104,117,53
3116,52,120,106,50
3117,59,105,102,56
3118,51,119,102,50
3119,59,130,102,56
3120,41,110,117,47
3121,41,127,128,44
3122,47,103,104,46
3123,44,105,122,50
3124,51,100,109,49
3125,44,119,127,56
3126,46,114,109,40
3127,46,103,118,46
3128,51,115,100,49
3129,55,112,108,40
3130,50,127,125,59
3131,48,114,111,54
3132,52,109,127,53
3133,52,116,118,47
3134,49,127,116,50
3135,57,112,120,54
3136,50,126,122,47
3137,52,107,124,55
3138,40,128,110,53
3139,48,110,110,45
3140,53,122,104,48
3141,59,106,119,59
3142,44,106,125,53
3143,53,107,109,59
3144,57,108,129,44
3145,40,129,110,58
3146,42,126,104,60
3147,42,114,106,42
3148,56,106,123,44
3149,48,102,113,42
3150,56,125,100,51
3151,41,116,123,55
3152,53,114,111,43
3153,51,128,109,60
3154,50,107,105,44
3155,48,119,100,46
3156,46,115,116,57
3157,47,115,104,48
3158,41,117,102,55
3159,57,106,118,56
3160,41,128,125,58
3161,55,104,123,48
3162,45,129,126,46
3163,40,123,119,51
3164,57,101,117,43
3165,56,109,103,56
3166,45,123,109,55
3167,59,103,100,51
3168,53,116,108,51
3169,55,112,109,56
3170,59,101,101,56
3171,49,122,122,56
3172,57,109,126,40
3173,47,104,115,41
3174,57,120,130,41
3175,51,101,127,55
3176,49,105,127,40
3177,48,107,126,54
3178,47,123,128,44
3179,51,107,106,56
3180,46,115,120,56
3181,58,121,107,41
3182,47,102,111,57
3183,56,108,105,58
3184,51,127,109,40
3185,52,113,125,49
3186,55,102,125,43
3187,48,128,123,58
3188,54,124,121,60
3189,51,120,120,41
3190,45,114,106,53
3191,49,102,119,49
3192,57,120,121,48
3193,60,124,118,40
3194,40,111,124,42
3195,48,106,103,59
3196,49,100,114,43
3197,49,120,112,58
3198,55,122,130,57
3199,51,113,117,46
3200,51,126,115,48
3201,42,109,101,50
3202,46,102,123,50
3203,48,103,101,43
3204,60,117,117,58
3205,49,120,104,46
3206,44,126,118,50
3207,41,130,110,57
3208,47,111,112,40
3209,40,117,124,40
3210,58,117,109,46
3211,51,118,116,41
3212,52,121,105,48
3213,44,110,101,47
3214,52,130,104,43
